title,rating,price,link
A Light in the Attic,Three,£51.77,https://books.toscrape.com/catalogue/a-light-in-the-attic_1000/index.html
Tipping the Velvet,One,£53.74,https://books.toscrape.com/catalogue/a-light-in-the-attic_1000/index.html
Soumission,One,£50.10,https://books.toscrape.com/catalogue/a-light-in-the-attic_1000/index.html
Sharp Objects,Four,£47.82,https://books.toscrape.com/catalogue/a-light-in-the-attic_1000/index.html
Sapiens: A Brief History of Humankind,Five,£54.23,https://books.toscrape.com/catalogue/a-light-in-the-attic_1000/index.html
The Requiem Red,One,£22.65,https://books.toscrape.com/catalogue/a-light-in-the-attic_1000/index.html
The Dirty Little Secrets of Getting Your Dream Job,Four,£33.34,https://books.toscrape.com/catalogue/a-light-in-the-attic_1000/index.html
"The Coming Woman: A Novel Based on the Life of the Infamous Feminist, Victoria Woodhull",Three,£17.93,https://books.toscrape.com/catalogue/a-light-in-the-attic_1000/index.html
The Boys in the Boat: Nine Americans and Their Epic Quest for Gold at the 1936 Berlin Olympics,Four,£22.60,https://books.toscrape.com/catalogue/a-light-in-the-attic_1000/index.html
The Black Maria,One,£52.15,https://books.toscrape.com/catalogue/a-light-in-the-attic_1000/index.html
"Starving Hearts (Triangular Trade Trilogy, #1)",Two,£13.99,https://books.toscrape.com/catalogue/a-light-in-the-attic_1000/index.html
Shakespeare's Sonnets,Four,£20.66,https://books.toscrape.com/catalogue/a-light-in-the-attic_1000/index.html
Set Me Free,Five,£17.46,https://books.toscrape.com/catalogue/a-light-in-the-attic_1000/index.html
Scott Pilgrim's Precious Little Life (Scott Pilgrim #1),Five,£52.29,https://books.toscrape.com/catalogue/a-light-in-the-attic_1000/index.html
Rip it Up and Start Again,Five,£35.02,https://books.toscrape.com/catalogue/a-light-in-the-attic_1000/index.html
"Our Band Could Be Your Life: Scenes from the American Indie Underground, 1981-1991",Three,£57.25,https://books.toscrape.com/catalogue/a-light-in-the-attic_1000/index.html
Olio,One,£23.88,https://books.toscrape.com/catalogue/a-light-in-the-attic_1000/index.html
Mesaerion: The Best Science Fiction Stories 1800-1849,One,£37.59,https://books.toscrape.com/catalogue/a-light-in-the-attic_1000/index.html
Libertarianism for Beginners,Two,£51.33,https://books.toscrape.com/catalogue/a-light-in-the-attic_1000/index.html
It's Only the Himalayas,Two,£45.17,https://books.toscrape.com/catalogue/a-light-in-the-attic_1000/index.html
In Her Wake,One,£12.84,https://books.toscrape.com/catalogue/in-her-wake_980/index.html
How Music Works,Two,£37.32,https://books.toscrape.com/catalogue/in-her-wake_980/index.html
"Foolproof Preserving: A Guide to Small Batch Jams, Jellies, Pickles, Condiments, and More: A Foolproof Guide to Making Small Batch Jams, Jellies, Pickles, Condiments, and More",Three,£30.52,https://books.toscrape.com/catalogue/in-her-wake_980/index.html
Chase Me (Paris Nights #2),Five,£25.27,https://books.toscrape.com/catalogue/in-her-wake_980/index.html
Black Dust,Five,£34.53,https://books.toscrape.com/catalogue/in-her-wake_980/index.html
Birdsong: A Story in Pictures,Three,£54.64,https://books.toscrape.com/catalogue/in-her-wake_980/index.html
America's Cradle of Quarterbacks: Western Pennsylvania's Football Factory from Johnny Unitas to Joe Montana,Three,£22.50,https://books.toscrape.com/catalogue/in-her-wake_980/index.html
Aladdin and His Wonderful Lamp,Three,£53.13,https://books.toscrape.com/catalogue/in-her-wake_980/index.html
Worlds Elsewhere: Journeys Around Shakespeare’s Globe,Five,£40.30,https://books.toscrape.com/catalogue/in-her-wake_980/index.html
Wall and Piece,Four,£44.18,https://books.toscrape.com/catalogue/in-her-wake_980/index.html
The Four Agreements: A Practical Guide to Personal Freedom,Five,£17.66,https://books.toscrape.com/catalogue/in-her-wake_980/index.html
The Five Love Languages: How to Express Heartfelt Commitment to Your Mate,Three,£31.05,https://books.toscrape.com/catalogue/in-her-wake_980/index.html
The Elephant Tree,Five,£23.82,https://books.toscrape.com/catalogue/in-her-wake_980/index.html
The Bear and the Piano,One,£36.89,https://books.toscrape.com/catalogue/in-her-wake_980/index.html
Sophie's World,Five,£15.94,https://books.toscrape.com/catalogue/in-her-wake_980/index.html
Penny Maybe,Three,£33.29,https://books.toscrape.com/catalogue/in-her-wake_980/index.html
Maude (1883-1993):She Grew Up with the country,Two,£18.02,https://books.toscrape.com/catalogue/in-her-wake_980/index.html
"In a Dark, Dark Wood",One,£19.63,https://books.toscrape.com/catalogue/in-her-wake_980/index.html
Behind Closed Doors,Four,£52.22,https://books.toscrape.com/catalogue/in-her-wake_980/index.html
You can't bury them all: Poems,Two,£33.63,https://books.toscrape.com/catalogue/in-her-wake_980/index.html
Slow States of Collapse: Poems,Three,£57.31,https://books.toscrape.com/catalogue/slow-states-of-collapse-poems_960/index.html
Reasons to Stay Alive,Two,£26.41,https://books.toscrape.com/catalogue/slow-states-of-collapse-poems_960/index.html
Private Paris (Private #10),Five,£47.61,https://books.toscrape.com/catalogue/slow-states-of-collapse-poems_960/index.html
#HigherSelfie: Wake Up Your Life. Free Your Soul. Find Your Tribe.,Five,£23.11,https://books.toscrape.com/catalogue/slow-states-of-collapse-poems_960/index.html
Without Borders (Wanderlove #1),Two,£45.07,https://books.toscrape.com/catalogue/slow-states-of-collapse-poems_960/index.html
When We Collided,One,£31.77,https://books.toscrape.com/catalogue/slow-states-of-collapse-poems_960/index.html
"We Love You, Charlie Freeman",Five,£50.27,https://books.toscrape.com/catalogue/slow-states-of-collapse-poems_960/index.html
Untitled Collection: Sabbath Poems 2014,Four,£14.27,https://books.toscrape.com/catalogue/slow-states-of-collapse-poems_960/index.html
"Unseen City: The Majesty of Pigeons, the Discreet Charm of Snails & Other Wonders of the Urban Wilderness",Four,£44.18,https://books.toscrape.com/catalogue/slow-states-of-collapse-poems_960/index.html
Unicorn Tracks,Three,£18.78,https://books.toscrape.com/catalogue/slow-states-of-collapse-poems_960/index.html
"Unbound: How Eight Technologies Made Us Human, Transformed Society, and Brought Our World to the Brink",One,£25.52,https://books.toscrape.com/catalogue/slow-states-of-collapse-poems_960/index.html
Tsubasa: WoRLD CHRoNiCLE 2 (Tsubasa WoRLD CHRoNiCLE #2),One,£16.28,https://books.toscrape.com/catalogue/slow-states-of-collapse-poems_960/index.html
Throwing Rocks at the Google Bus: How Growth Became the Enemy of Prosperity,Three,£31.12,https://books.toscrape.com/catalogue/slow-states-of-collapse-poems_960/index.html
This One Summer,Four,£19.49,https://books.toscrape.com/catalogue/slow-states-of-collapse-poems_960/index.html
Thirst,Five,£17.27,https://books.toscrape.com/catalogue/slow-states-of-collapse-poems_960/index.html
The Torch Is Passed: A Harding Family Story,One,£19.09,https://books.toscrape.com/catalogue/slow-states-of-collapse-poems_960/index.html
The Secret of Dreadwillow Carse,One,£56.13,https://books.toscrape.com/catalogue/slow-states-of-collapse-poems_960/index.html
"The Pioneer Woman Cooks: Dinnertime: Comfort Classics, Freezer Food, 16-Minute Meals, and Other Delicious Ways to Solve Supper!",One,£56.41,https://books.toscrape.com/catalogue/slow-states-of-collapse-poems_960/index.html
The Past Never Ends,Four,£56.50,https://books.toscrape.com/catalogue/slow-states-of-collapse-poems_960/index.html
The Natural History of Us (The Fine Art of Pretending #2),Three,£45.22,https://books.toscrape.com/catalogue/slow-states-of-collapse-poems_960/index.html
The Nameless City (The Nameless City #1),Four,£38.16,https://books.toscrape.com/catalogue/the-nameless-city-the-nameless-city-1_940/index.html
The Murder That Never Was (Forensic Instincts #5),Three,£54.11,https://books.toscrape.com/catalogue/the-nameless-city-the-nameless-city-1_940/index.html
The Most Perfect Thing: Inside (and Outside) a Bird's Egg,Four,£42.96,https://books.toscrape.com/catalogue/the-nameless-city-the-nameless-city-1_940/index.html
"The Mindfulness and Acceptance Workbook for Anxiety: A Guide to Breaking Free from Anxiety, Phobias, and Worry Using Acceptance and Commitment Therapy",Four,£23.89,https://books.toscrape.com/catalogue/the-nameless-city-the-nameless-city-1_940/index.html
The Life-Changing Magic of Tidying Up: The Japanese Art of Decluttering and Organizing,Three,£16.77,https://books.toscrape.com/catalogue/the-nameless-city-the-nameless-city-1_940/index.html
"The Inefficiency Assassin: Time Management Tactics for Working Smarter, Not Longer",Five,£20.59,https://books.toscrape.com/catalogue/the-nameless-city-the-nameless-city-1_940/index.html
The Gutsy Girl: Escapades for Your Life of Epic Adventure,One,£37.13,https://books.toscrape.com/catalogue/the-nameless-city-the-nameless-city-1_940/index.html
The Electric Pencil: Drawings from Inside State Hospital No. 3,One,£56.06,https://books.toscrape.com/catalogue/the-nameless-city-the-nameless-city-1_940/index.html
The Death of Humanity: and the Case for Life,Four,£58.11,https://books.toscrape.com/catalogue/the-nameless-city-the-nameless-city-1_940/index.html
"The Bulletproof Diet: Lose up to a Pound a Day, Reclaim Energy and Focus, Upgrade Your Life",Three,£49.05,https://books.toscrape.com/catalogue/the-nameless-city-the-nameless-city-1_940/index.html
The Art Forger,Three,£40.76,https://books.toscrape.com/catalogue/the-nameless-city-the-nameless-city-1_940/index.html
The Age of Genius: The Seventeenth Century and the Birth of the Modern Mind,One,£19.73,https://books.toscrape.com/catalogue/the-nameless-city-the-nameless-city-1_940/index.html
The Activist's Tao Te Ching: Ancient Advice for a Modern Revolution,Five,£32.24,https://books.toscrape.com/catalogue/the-nameless-city-the-nameless-city-1_940/index.html
Spark Joy: An Illustrated Master Class on the Art of Organizing and Tidying Up,Four,£41.83,https://books.toscrape.com/catalogue/the-nameless-city-the-nameless-city-1_940/index.html
Soul Reader,Two,£39.58,https://books.toscrape.com/catalogue/the-nameless-city-the-nameless-city-1_940/index.html
Security,Two,£39.25,https://books.toscrape.com/catalogue/the-nameless-city-the-nameless-city-1_940/index.html
"Saga, Volume 6 (Saga (Collected Editions) #6)",Three,£25.02,https://books.toscrape.com/catalogue/the-nameless-city-the-nameless-city-1_940/index.html
"Saga, Volume 5 (Saga (Collected Editions) #5)",Two,£51.04,https://books.toscrape.com/catalogue/the-nameless-city-the-nameless-city-1_940/index.html
Reskilling America: Learning to Labor in the Twenty-First Century,Two,£19.83,https://books.toscrape.com/catalogue/the-nameless-city-the-nameless-city-1_940/index.html
"Rat Queens, Vol. 3: Demons (Rat Queens (Collected Editions) #11-15)",Three,£50.40,https://books.toscrape.com/catalogue/the-nameless-city-the-nameless-city-1_940/index.html
"Princess Jellyfish 2-in-1 Omnibus, Vol. 01 (Princess Jellyfish 2-in-1 Omnibus #1)",Five,£13.61,https://books.toscrape.com/catalogue/princess-jellyfish-2-in-1-omnibus-vol-01-princess-jellyfish-2-in-1-omnibus-1_920/index.html
Princess Between Worlds (Wide-Awake Princess #5),Five,£13.34,https://books.toscrape.com/catalogue/princess-jellyfish-2-in-1-omnibus-vol-01-princess-jellyfish-2-in-1-omnibus-1_920/index.html
"Pop Gun War, Volume 1: Gift",One,£18.97,https://books.toscrape.com/catalogue/princess-jellyfish-2-in-1-omnibus-vol-01-princess-jellyfish-2-in-1-omnibus-1_920/index.html
"Political Suicide: Missteps, Peccadilloes, Bad Calls, Backroom Hijinx, Sordid Pasts, Rotten Breaks, and Just Plain Dumb Mistakes in the Annals of American Politics",Two,£36.28,https://books.toscrape.com/catalogue/princess-jellyfish-2-in-1-omnibus-vol-01-princess-jellyfish-2-in-1-omnibus-1_920/index.html
Patience,Three,£10.16,https://books.toscrape.com/catalogue/princess-jellyfish-2-in-1-omnibus-vol-01-princess-jellyfish-2-in-1-omnibus-1_920/index.html
"Outcast, Vol. 1: A Darkness Surrounds Him (Outcast #1)",Four,£15.44,https://books.toscrape.com/catalogue/princess-jellyfish-2-in-1-omnibus-vol-01-princess-jellyfish-2-in-1-omnibus-1_920/index.html
orange: The Complete Collection 1 (orange: The Complete Collection #1),One,£48.41,https://books.toscrape.com/catalogue/princess-jellyfish-2-in-1-omnibus-vol-01-princess-jellyfish-2-in-1-omnibus-1_920/index.html
Online Marketing for Busy Authors: A Step-By-Step Guide,One,£46.35,https://books.toscrape.com/catalogue/princess-jellyfish-2-in-1-omnibus-vol-01-princess-jellyfish-2-in-1-omnibus-1_920/index.html
On a Midnight Clear,Three,£14.07,https://books.toscrape.com/catalogue/princess-jellyfish-2-in-1-omnibus-vol-01-princess-jellyfish-2-in-1-omnibus-1_920/index.html
Obsidian (Lux #1),Two,£14.86,https://books.toscrape.com/catalogue/princess-jellyfish-2-in-1-omnibus-vol-01-princess-jellyfish-2-in-1-omnibus-1_920/index.html
My Paris Kitchen: Recipes and Stories,Two,£33.37,https://books.toscrape.com/catalogue/princess-jellyfish-2-in-1-omnibus-vol-01-princess-jellyfish-2-in-1-omnibus-1_920/index.html
Masks and Shadows,Two,£56.40,https://books.toscrape.com/catalogue/princess-jellyfish-2-in-1-omnibus-vol-01-princess-jellyfish-2-in-1-omnibus-1_920/index.html
"Mama Tried: Traditional Italian Cooking for the Screwed, Crude, Vegan, and Tattooed",Four,£14.02,https://books.toscrape.com/catalogue/princess-jellyfish-2-in-1-omnibus-vol-01-princess-jellyfish-2-in-1-omnibus-1_920/index.html
"Lumberjanes, Vol. 2: Friendship to the Max (Lumberjanes #5-8)",Two,£46.91,https://books.toscrape.com/catalogue/princess-jellyfish-2-in-1-omnibus-vol-01-princess-jellyfish-2-in-1-omnibus-1_920/index.html
"Lumberjanes, Vol. 1: Beware the Kitten Holy (Lumberjanes #1-4)",Three,£45.61,https://books.toscrape.com/catalogue/princess-jellyfish-2-in-1-omnibus-vol-01-princess-jellyfish-2-in-1-omnibus-1_920/index.html
Lumberjanes Vol. 3: A Terrible Plan (Lumberjanes #9-12),Two,£19.92,https://books.toscrape.com/catalogue/princess-jellyfish-2-in-1-omnibus-vol-01-princess-jellyfish-2-in-1-omnibus-1_920/index.html
"Layered: Baking, Building, and Styling Spectacular Cakes",One,£40.11,https://books.toscrape.com/catalogue/princess-jellyfish-2-in-1-omnibus-vol-01-princess-jellyfish-2-in-1-omnibus-1_920/index.html
Judo: Seven Steps to Black Belt (an Introductory Guide for Beginners),Two,£53.90,https://books.toscrape.com/catalogue/princess-jellyfish-2-in-1-omnibus-vol-01-princess-jellyfish-2-in-1-omnibus-1_920/index.html
Join,Five,£35.67,https://books.toscrape.com/catalogue/princess-jellyfish-2-in-1-omnibus-vol-01-princess-jellyfish-2-in-1-omnibus-1_920/index.html
In the Country We Love: My Family Divided,Four,£22.00,https://books.toscrape.com/catalogue/princess-jellyfish-2-in-1-omnibus-vol-01-princess-jellyfish-2-in-1-omnibus-1_920/index.html
Immunity: How Elie Metchnikoff Changed the Course of Modern Medicine,Five,£57.36,https://books.toscrape.com/catalogue/immunity-how-elie-metchnikoff-changed-the-course-of-modern-medicine_900/index.html
"I Hate Fairyland, Vol. 1: Madly Ever After (I Hate Fairyland (Compilations) #1-5)",Two,£29.17,https://books.toscrape.com/catalogue/immunity-how-elie-metchnikoff-changed-the-course-of-modern-medicine_900/index.html
I am a Hero Omnibus Volume 1,Three,£54.63,https://books.toscrape.com/catalogue/immunity-how-elie-metchnikoff-changed-the-course-of-modern-medicine_900/index.html
How to Be Miserable: 40 Strategies You Already Use,One,£46.03,https://books.toscrape.com/catalogue/immunity-how-elie-metchnikoff-changed-the-course-of-modern-medicine_900/index.html
Her Backup Boyfriend (The Sorensen Family #1),One,£33.97,https://books.toscrape.com/catalogue/immunity-how-elie-metchnikoff-changed-the-course-of-modern-medicine_900/index.html
"Giant Days, Vol. 2 (Giant Days #5-8)",Two,£22.11,https://books.toscrape.com/catalogue/immunity-how-elie-metchnikoff-changed-the-course-of-modern-medicine_900/index.html
Forever and Forever: The Courtship of Henry Longfellow and Fanny Appleton,Three,£29.69,https://books.toscrape.com/catalogue/immunity-how-elie-metchnikoff-changed-the-course-of-modern-medicine_900/index.html
First and First (Five Boroughs #3),Four,£15.97,https://books.toscrape.com/catalogue/immunity-how-elie-metchnikoff-changed-the-course-of-modern-medicine_900/index.html
Fifty Shades Darker (Fifty Shades #2),One,£21.96,https://books.toscrape.com/catalogue/immunity-how-elie-metchnikoff-changed-the-course-of-modern-medicine_900/index.html
Everydata: The Misinformation Hidden in the Little Data You Consume Every Day,Two,£54.35,https://books.toscrape.com/catalogue/immunity-how-elie-metchnikoff-changed-the-course-of-modern-medicine_900/index.html
"Don't Be a Jerk: And Other Practical Advice from Dogen, Japan's Greatest Zen Master",Two,£37.97,https://books.toscrape.com/catalogue/immunity-how-elie-metchnikoff-changed-the-course-of-modern-medicine_900/index.html
Danganronpa Volume 1,Four,£51.99,https://books.toscrape.com/catalogue/immunity-how-elie-metchnikoff-changed-the-course-of-modern-medicine_900/index.html
Crown of Midnight (Throne of Glass #2),Three,£43.29,https://books.toscrape.com/catalogue/immunity-how-elie-metchnikoff-changed-the-course-of-modern-medicine_900/index.html
"Codename Baboushka, Volume 1: The Conclave of Death",Four,£36.72,https://books.toscrape.com/catalogue/immunity-how-elie-metchnikoff-changed-the-course-of-modern-medicine_900/index.html
Camp Midnight,Four,£17.08,https://books.toscrape.com/catalogue/immunity-how-elie-metchnikoff-changed-the-course-of-modern-medicine_900/index.html
Call the Nurse: True Stories of a Country Nurse on a Scottish Isle,Five,£29.14,https://books.toscrape.com/catalogue/immunity-how-elie-metchnikoff-changed-the-course-of-modern-medicine_900/index.html
Burning,Three,£28.81,https://books.toscrape.com/catalogue/immunity-how-elie-metchnikoff-changed-the-course-of-modern-medicine_900/index.html
Bossypants,Two,£49.46,https://books.toscrape.com/catalogue/immunity-how-elie-metchnikoff-changed-the-course-of-modern-medicine_900/index.html
"Bitch Planet, Vol. 1: Extraordinary Machine (Bitch Planet (Collected Editions))",Two,£37.92,https://books.toscrape.com/catalogue/immunity-how-elie-metchnikoff-changed-the-course-of-modern-medicine_900/index.html
"Avatar: The Last Airbender: Smoke and Shadow, Part 3 (Smoke and Shadow #3)",Two,£28.09,https://books.toscrape.com/catalogue/immunity-how-elie-metchnikoff-changed-the-course-of-modern-medicine_900/index.html
Algorithms to Live By: The Computer Science of Human Decisions,One,£30.81,https://books.toscrape.com/catalogue/algorithms-to-live-by-the-computer-science-of-human-decisions_880/index.html
A World of Flavor: Your Gluten Free Passport,One,£42.95,https://books.toscrape.com/catalogue/algorithms-to-live-by-the-computer-science-of-human-decisions_880/index.html
"A Piece of Sky, a Grain of Rice: A Memoir in Four Meditations",Five,£56.76,https://books.toscrape.com/catalogue/algorithms-to-live-by-the-computer-science-of-human-decisions_880/index.html
A Murder in Time,One,£16.64,https://books.toscrape.com/catalogue/algorithms-to-live-by-the-computer-science-of-human-decisions_880/index.html
A Flight of Arrows (The Pathfinders #2),Five,£55.53,https://books.toscrape.com/catalogue/algorithms-to-live-by-the-computer-science-of-human-decisions_880/index.html
A Fierce and Subtle Poison,Four,£28.13,https://books.toscrape.com/catalogue/algorithms-to-live-by-the-computer-science-of-human-decisions_880/index.html
A Court of Thorns and Roses (A Court of Thorns and Roses #1),One,£52.37,https://books.toscrape.com/catalogue/algorithms-to-live-by-the-computer-science-of-human-decisions_880/index.html
(Un)Qualified: How God Uses Broken People to Do Big Things,Five,£54.00,https://books.toscrape.com/catalogue/algorithms-to-live-by-the-computer-science-of-human-decisions_880/index.html
You Are What You Love: The Spiritual Power of Habit,Four,£21.87,https://books.toscrape.com/catalogue/algorithms-to-live-by-the-computer-science-of-human-decisions_880/index.html
"William Shakespeare's Star Wars: Verily, A New Hope (William Shakespeare's Star Wars #4)",Four,£43.30,https://books.toscrape.com/catalogue/algorithms-to-live-by-the-computer-science-of-human-decisions_880/index.html
Tuesday Nights in 1980,Two,£21.04,https://books.toscrape.com/catalogue/algorithms-to-live-by-the-computer-science-of-human-decisions_880/index.html
Tracing Numbers on a Train,Three,£41.60,https://books.toscrape.com/catalogue/algorithms-to-live-by-the-computer-science-of-human-decisions_880/index.html
Throne of Glass (Throne of Glass #1),Three,£35.07,https://books.toscrape.com/catalogue/algorithms-to-live-by-the-computer-science-of-human-decisions_880/index.html
Thomas Jefferson and the Tripoli Pirates: The Forgotten War That Changed American History,One,£59.64,https://books.toscrape.com/catalogue/algorithms-to-live-by-the-computer-science-of-human-decisions_880/index.html
Thirteen Reasons Why,One,£52.72,https://books.toscrape.com/catalogue/algorithms-to-live-by-the-computer-science-of-human-decisions_880/index.html
The White Cat and the Monk: A Retelling of the Poem “Pangur Bán”,Four,£58.08,https://books.toscrape.com/catalogue/algorithms-to-live-by-the-computer-science-of-human-decisions_880/index.html
The Wedding Dress,One,£24.12,https://books.toscrape.com/catalogue/algorithms-to-live-by-the-computer-science-of-human-decisions_880/index.html
The Vacationers,Four,£42.15,https://books.toscrape.com/catalogue/algorithms-to-live-by-the-computer-science-of-human-decisions_880/index.html
The Third Wave: An Entrepreneur’s Vision of the Future,Five,£12.61,https://books.toscrape.com/catalogue/algorithms-to-live-by-the-computer-science-of-human-decisions_880/index.html
The Stranger,Four,£17.44,https://books.toscrape.com/catalogue/algorithms-to-live-by-the-computer-science-of-human-decisions_880/index.html
The Shadow Hero (The Shadow Hero),One,£33.14,https://books.toscrape.com/catalogue/the-shadow-hero-the-shadow-hero_860/index.html
The Secret (The Secret #1),Four,£27.37,https://books.toscrape.com/catalogue/the-shadow-hero-the-shadow-hero_860/index.html
The Regional Office Is Under Attack!,Five,£51.36,https://books.toscrape.com/catalogue/the-shadow-hero-the-shadow-hero_860/index.html
The Psychopath Test: A Journey Through the Madness Industry,Two,£36.00,https://books.toscrape.com/catalogue/the-shadow-hero-the-shadow-hero_860/index.html
The Project,One,£10.65,https://books.toscrape.com/catalogue/the-shadow-hero-the-shadow-hero_860/index.html
The Power of Now: A Guide to Spiritual Enlightenment,Two,£43.54,https://books.toscrape.com/catalogue/the-shadow-hero-the-shadow-hero_860/index.html
The Omnivore's Dilemma: A Natural History of Four Meals,Two,£38.21,https://books.toscrape.com/catalogue/the-shadow-hero-the-shadow-hero_860/index.html
The Nerdy Nummies Cookbook: Sweet Treats for the Geek in All of Us,Five,£37.34,https://books.toscrape.com/catalogue/the-shadow-hero-the-shadow-hero_860/index.html
The Murder of Roger Ackroyd (Hercule Poirot #4),Four,£44.10,https://books.toscrape.com/catalogue/the-shadow-hero-the-shadow-hero_860/index.html
The Mistake (Off-Campus #2),Three,£43.29,https://books.toscrape.com/catalogue/the-shadow-hero-the-shadow-hero_860/index.html
The Matchmaker's Playbook (Wingmen Inc. #1),One,£55.85,https://books.toscrape.com/catalogue/the-shadow-hero-the-shadow-hero_860/index.html
The Love and Lemons Cookbook: An Apple-to-Zucchini Celebration of Impromptu Cooking,Two,£37.60,https://books.toscrape.com/catalogue/the-shadow-hero-the-shadow-hero_860/index.html
The Long Shadow of Small Ghosts: Murder and Memory in an American City,One,£10.97,https://books.toscrape.com/catalogue/the-shadow-hero-the-shadow-hero_860/index.html
The Kite Runner,Four,£41.82,https://books.toscrape.com/catalogue/the-shadow-hero-the-shadow-hero_860/index.html
The House by the Lake,One,£36.95,https://books.toscrape.com/catalogue/the-shadow-hero-the-shadow-hero_860/index.html
The Glittering Court (The Glittering Court #1),One,£44.28,https://books.toscrape.com/catalogue/the-shadow-hero-the-shadow-hero_860/index.html
The Girl on the Train,Two,£55.02,https://books.toscrape.com/catalogue/the-shadow-hero-the-shadow-hero_860/index.html
The Genius of Birds,One,£17.24,https://books.toscrape.com/catalogue/the-shadow-hero-the-shadow-hero_860/index.html
The Emerald Mystery,Two,£23.15,https://books.toscrape.com/catalogue/the-shadow-hero-the-shadow-hero_860/index.html
The Cookies & Cups Cookbook: 125+ sweet & savory recipes reminding you to Always Eat Dessert First,One,£41.25,https://books.toscrape.com/catalogue/the-shadow-hero-the-shadow-hero_860/index.html
The Bridge to Consciousness: I'm Writing the Bridge Between Science and Our Old and New Beliefs.,Three,£32.00,https://books.toscrape.com/catalogue/the-bridge-to-consciousness-im-writing-the-bridge-between-science-and-our-old-and-new-beliefs_840/index.html
The Artist's Way: A Spiritual Path to Higher Creativity,Five,£38.49,https://books.toscrape.com/catalogue/the-bridge-to-consciousness-im-writing-the-bridge-between-science-and-our-old-and-new-beliefs_840/index.html
The Art of War,Five,£33.34,https://books.toscrape.com/catalogue/the-bridge-to-consciousness-im-writing-the-bridge-between-science-and-our-old-and-new-beliefs_840/index.html
The Argonauts,Two,£10.93,https://books.toscrape.com/catalogue/the-bridge-to-consciousness-im-writing-the-bridge-between-science-and-our-old-and-new-beliefs_840/index.html
The 10% Entrepreneur: Live Your Startup Dream Without Quitting Your Day Job,Three,£27.55,https://books.toscrape.com/catalogue/the-bridge-to-consciousness-im-writing-the-bridge-between-science-and-our-old-and-new-beliefs_840/index.html
Suddenly in Love (Lake Haven #1),Two,£55.99,https://books.toscrape.com/catalogue/the-bridge-to-consciousness-im-writing-the-bridge-between-science-and-our-old-and-new-beliefs_840/index.html
Something More Than This,Four,£16.24,https://books.toscrape.com/catalogue/the-bridge-to-consciousness-im-writing-the-bridge-between-science-and-our-old-and-new-beliefs_840/index.html
Soft Apocalypse,Two,£26.12,https://books.toscrape.com/catalogue/the-bridge-to-consciousness-im-writing-the-bridge-between-science-and-our-old-and-new-beliefs_840/index.html
So You've Been Publicly Shamed,Two,£12.23,https://books.toscrape.com/catalogue/the-bridge-to-consciousness-im-writing-the-bridge-between-science-and-our-old-and-new-beliefs_840/index.html
Shoe Dog: A Memoir by the Creator of NIKE,Two,£23.99,https://books.toscrape.com/catalogue/the-bridge-to-consciousness-im-writing-the-bridge-between-science-and-our-old-and-new-beliefs_840/index.html
"Shobu Samurai, Project Aryoku (#3)",Three,£29.06,https://books.toscrape.com/catalogue/the-bridge-to-consciousness-im-writing-the-bridge-between-science-and-our-old-and-new-beliefs_840/index.html
Secrets and Lace (Fatal Hearts #1),One,£20.27,https://books.toscrape.com/catalogue/the-bridge-to-consciousness-im-writing-the-bridge-between-science-and-our-old-and-new-beliefs_840/index.html
Scarlett Epstein Hates It Here,Five,£43.55,https://books.toscrape.com/catalogue/the-bridge-to-consciousness-im-writing-the-bridge-between-science-and-our-old-and-new-beliefs_840/index.html
Romero and Juliet: A Tragic Tale of Love and Zombies,One,£36.94,https://books.toscrape.com/catalogue/the-bridge-to-consciousness-im-writing-the-bridge-between-science-and-our-old-and-new-beliefs_840/index.html
Redeeming Love,Five,£20.47,https://books.toscrape.com/catalogue/the-bridge-to-consciousness-im-writing-the-bridge-between-science-and-our-old-and-new-beliefs_840/index.html
Poses for Artists Volume 1 - Dynamic and Sitting Poses: An Essential Reference for Figure Drawing and the Human Form,One,£41.06,https://books.toscrape.com/catalogue/the-bridge-to-consciousness-im-writing-the-bridge-between-science-and-our-old-and-new-beliefs_840/index.html
Poems That Make Grown Women Cry,Four,£14.19,https://books.toscrape.com/catalogue/the-bridge-to-consciousness-im-writing-the-bridge-between-science-and-our-old-and-new-beliefs_840/index.html
"Nightingale, Sing",One,£38.28,https://books.toscrape.com/catalogue/the-bridge-to-consciousness-im-writing-the-bridge-between-science-and-our-old-and-new-beliefs_840/index.html
Night Sky with Exit Wounds,One,£41.05,https://books.toscrape.com/catalogue/the-bridge-to-consciousness-im-writing-the-bridge-between-science-and-our-old-and-new-beliefs_840/index.html
Mrs. Houdini,Five,£30.25,https://books.toscrape.com/catalogue/the-bridge-to-consciousness-im-writing-the-bridge-between-science-and-our-old-and-new-beliefs_840/index.html
Modern Romance,Five,£28.26,https://books.toscrape.com/catalogue/modern-romance_820/index.html
Miss Peregrine’s Home for Peculiar Children (Miss Peregrine’s Peculiar Children #1),One,£10.76,https://books.toscrape.com/catalogue/modern-romance_820/index.html
Louisa: The Extraordinary Life of Mrs. Adams,Two,£16.85,https://books.toscrape.com/catalogue/modern-romance_820/index.html
Little Red,Three,£13.47,https://books.toscrape.com/catalogue/modern-romance_820/index.html
Library of Souls (Miss Peregrine’s Peculiar Children #3),Five,£48.56,https://books.toscrape.com/catalogue/modern-romance_820/index.html
Large Print Heart of the Pride,Two,£19.15,https://books.toscrape.com/catalogue/modern-romance_820/index.html
I Had a Nice Time And Other Lies...: How to find love & sh*t like that,Four,£57.36,https://books.toscrape.com/catalogue/modern-romance_820/index.html
Hollow City (Miss Peregrine’s Peculiar Children #2),One,£42.98,https://books.toscrape.com/catalogue/modern-romance_820/index.html
Grumbles,Two,£22.16,https://books.toscrape.com/catalogue/modern-romance_820/index.html
Full Moon over Noah’s Ark: An Odyssey to Mount Ararat and Beyond,Four,£49.43,https://books.toscrape.com/catalogue/modern-romance_820/index.html
Frostbite (Vampire Academy #2),Five,£29.99,https://books.toscrape.com/catalogue/modern-romance_820/index.html
Follow You Home,One,£21.36,https://books.toscrape.com/catalogue/modern-romance_820/index.html
First Steps for New Christians (Print Edition),One,£29.00,https://books.toscrape.com/catalogue/modern-romance_820/index.html
Finders Keepers (Bill Hodges Trilogy #2),Five,£53.53,https://books.toscrape.com/catalogue/modern-romance_820/index.html
"Fables, Vol. 1: Legends in Exile (Fables #1)",Four,£41.62,https://books.toscrape.com/catalogue/modern-romance_820/index.html
Eureka Trivia 6.0,Four,£54.59,https://books.toscrape.com/catalogue/modern-romance_820/index.html
Drive: The Surprising Truth About What Motivates Us,Four,£34.95,https://books.toscrape.com/catalogue/modern-romance_820/index.html
Done Rubbed Out (Reightman & Bailey #1),Five,£37.72,https://books.toscrape.com/catalogue/modern-romance_820/index.html
Doing It Over (Most Likely To #1),Three,£35.61,https://books.toscrape.com/catalogue/modern-romance_820/index.html
"Deliciously Ella Every Day: Quick and Easy Recipes for Gluten-Free Snacks, Packed Lunches, and Simple Meals",Three,£42.16,https://books.toscrape.com/catalogue/modern-romance_820/index.html
Dark Notes,Five,£19.19,https://books.toscrape.com/catalogue/dark-notes_800/index.html
"Daring Greatly: How the Courage to Be Vulnerable Transforms the Way We Live, Love, Parent, and Lead",Three,£19.43,https://books.toscrape.com/catalogue/dark-notes_800/index.html
Close to You,Four,£49.46,https://books.toscrape.com/catalogue/dark-notes_800/index.html
Chasing Heaven: What Dying Taught Me About Living,Two,£37.80,https://books.toscrape.com/catalogue/dark-notes_800/index.html
Big Magic: Creative Living Beyond Fear,Three,£30.80,https://books.toscrape.com/catalogue/dark-notes_800/index.html
Becoming Wise: An Inquiry into the Mystery and Art of Living,Two,£27.43,https://books.toscrape.com/catalogue/dark-notes_800/index.html
Beauty Restored (Riley Family Legacy Novellas #3),Two,£11.11,https://books.toscrape.com/catalogue/dark-notes_800/index.html
Batman: The Long Halloween (Batman),Two,£36.50,https://books.toscrape.com/catalogue/dark-notes_800/index.html
Batman: The Dark Knight Returns (Batman),Five,£15.38,https://books.toscrape.com/catalogue/dark-notes_800/index.html
Ayumi's Violin,Two,£15.48,https://books.toscrape.com/catalogue/dark-notes_800/index.html
Anonymous,Four,£46.82,https://books.toscrape.com/catalogue/dark-notes_800/index.html
Amy Meets the Saints and Sages,Three,£18.46,https://books.toscrape.com/catalogue/dark-notes_800/index.html
Amid the Chaos,One,£36.58,https://books.toscrape.com/catalogue/dark-notes_800/index.html
Amatus,Five,£50.54,https://books.toscrape.com/catalogue/dark-notes_800/index.html
Agnostic: A Spirited Manifesto,Five,£12.51,https://books.toscrape.com/catalogue/dark-notes_800/index.html
Zealot: The Life and Times of Jesus of Nazareth,Three,£24.70,https://books.toscrape.com/catalogue/dark-notes_800/index.html
You (You #1),Five,£43.61,https://books.toscrape.com/catalogue/dark-notes_800/index.html
"Wonder Woman: Earth One, Volume One (Wonder Woman: Earth One #1)",Four,£37.34,https://books.toscrape.com/catalogue/dark-notes_800/index.html
Wild Swans,Two,£14.36,https://books.toscrape.com/catalogue/dark-notes_800/index.html
Why the Right Went Wrong: Conservatism--From Goldwater to the Tea Party and Beyond,Four,£52.65,https://books.toscrape.com/catalogue/dark-notes_800/index.html
Whole Lotta Creativity Going On: 60 Fun and Unusual Exercises to Awaken and Strengthen Your Creativity,Four,£38.20,https://books.toscrape.com/catalogue/whole-lotta-creativity-going-on-60-fun-and-unusual-exercises-to-awaken-and-strengthen-your-creativity_780/index.html
What's It Like in Space?: Stories from Astronauts Who've Been There,Two,£19.60,https://books.toscrape.com/catalogue/whole-lotta-creativity-going-on-60-fun-and-unusual-exercises-to-awaken-and-strengthen-your-creativity_780/index.html
"We Are Robin, Vol. 1: The Vigilante Business (We Are Robin #1)",One,£53.90,https://books.toscrape.com/catalogue/whole-lotta-creativity-going-on-60-fun-and-unusual-exercises-to-awaken-and-strengthen-your-creativity_780/index.html
Walt Disney's Alice in Wonderland,Five,£12.96,https://books.toscrape.com/catalogue/whole-lotta-creativity-going-on-60-fun-and-unusual-exercises-to-awaken-and-strengthen-your-creativity_780/index.html
V for Vendetta (V for Vendetta Complete),Four,£37.10,https://books.toscrape.com/catalogue/whole-lotta-creativity-going-on-60-fun-and-unusual-exercises-to-awaken-and-strengthen-your-creativity_780/index.html
Until Friday Night (The Field Party #1),Two,£46.31,https://books.toscrape.com/catalogue/whole-lotta-creativity-going-on-60-fun-and-unusual-exercises-to-awaken-and-strengthen-your-creativity_780/index.html
"Unbroken: A World War II Story of Survival, Resilience, and Redemption",Two,£45.95,https://books.toscrape.com/catalogue/whole-lotta-creativity-going-on-60-fun-and-unusual-exercises-to-awaken-and-strengthen-your-creativity_780/index.html
Twenty Yawns,Two,£22.08,https://books.toscrape.com/catalogue/whole-lotta-creativity-going-on-60-fun-and-unusual-exercises-to-awaken-and-strengthen-your-creativity_780/index.html
Through the Woods,Two,£25.38,https://books.toscrape.com/catalogue/whole-lotta-creativity-going-on-60-fun-and-unusual-exercises-to-awaken-and-strengthen-your-creativity_780/index.html
This Is Where It Ends,Two,£27.12,https://books.toscrape.com/catalogue/whole-lotta-creativity-going-on-60-fun-and-unusual-exercises-to-awaken-and-strengthen-your-creativity_780/index.html
The Year of Magical Thinking,Two,£43.04,https://books.toscrape.com/catalogue/whole-lotta-creativity-going-on-60-fun-and-unusual-exercises-to-awaken-and-strengthen-your-creativity_780/index.html
The Wright Brothers,Four,£56.80,https://books.toscrape.com/catalogue/whole-lotta-creativity-going-on-60-fun-and-unusual-exercises-to-awaken-and-strengthen-your-creativity_780/index.html
The White Queen (The Cousins' War #1),Five,£25.91,https://books.toscrape.com/catalogue/whole-lotta-creativity-going-on-60-fun-and-unusual-exercises-to-awaken-and-strengthen-your-creativity_780/index.html
The Wedding Pact (The O'Malleys #2),Three,£32.61,https://books.toscrape.com/catalogue/whole-lotta-creativity-going-on-60-fun-and-unusual-exercises-to-awaken-and-strengthen-your-creativity_780/index.html
The Time Keeper,Five,£27.88,https://books.toscrape.com/catalogue/whole-lotta-creativity-going-on-60-fun-and-unusual-exercises-to-awaken-and-strengthen-your-creativity_780/index.html
The Testament of Mary,Four,£52.67,https://books.toscrape.com/catalogue/whole-lotta-creativity-going-on-60-fun-and-unusual-exercises-to-awaken-and-strengthen-your-creativity_780/index.html
The Star-Touched Queen,Five,£46.02,https://books.toscrape.com/catalogue/whole-lotta-creativity-going-on-60-fun-and-unusual-exercises-to-awaken-and-strengthen-your-creativity_780/index.html
The Songs of the Gods,Five,£44.48,https://books.toscrape.com/catalogue/whole-lotta-creativity-going-on-60-fun-and-unusual-exercises-to-awaken-and-strengthen-your-creativity_780/index.html
The Song of Achilles,Five,£37.40,https://books.toscrape.com/catalogue/whole-lotta-creativity-going-on-60-fun-and-unusual-exercises-to-awaken-and-strengthen-your-creativity_780/index.html
The Rosie Project (Don Tillman #1),One,£54.04,https://books.toscrape.com/catalogue/whole-lotta-creativity-going-on-60-fun-and-unusual-exercises-to-awaken-and-strengthen-your-creativity_780/index.html
The Power of Habit: Why We Do What We Do in Life and Business,Three,£16.88,https://books.toscrape.com/catalogue/the-power-of-habit-why-we-do-what-we-do-in-life-and-business_760/index.html
The Marriage of Opposites,Four,£28.08,https://books.toscrape.com/catalogue/the-power-of-habit-why-we-do-what-we-do-in-life-and-business_760/index.html
The Lucifer Effect: Understanding How Good People Turn Evil,One,£10.40,https://books.toscrape.com/catalogue/the-power-of-habit-why-we-do-what-we-do-in-life-and-business_760/index.html
The Long Haul (Diary of a Wimpy Kid #9),One,£44.07,https://books.toscrape.com/catalogue/the-power-of-habit-why-we-do-what-we-do-in-life-and-business_760/index.html
The Loney,One,£23.40,https://books.toscrape.com/catalogue/the-power-of-habit-why-we-do-what-we-do-in-life-and-business_760/index.html
The Literature Book (Big Ideas Simply Explained),Three,£17.43,https://books.toscrape.com/catalogue/the-power-of-habit-why-we-do-what-we-do-in-life-and-business_760/index.html
The Last Mile (Amos Decker #2),Two,£54.21,https://books.toscrape.com/catalogue/the-power-of-habit-why-we-do-what-we-do-in-life-and-business_760/index.html
The Immortal Life of Henrietta Lacks,Two,£40.67,https://books.toscrape.com/catalogue/the-power-of-habit-why-we-do-what-we-do-in-life-and-business_760/index.html
The Hidden Oracle (The Trials of Apollo #1),Two,£52.26,https://books.toscrape.com/catalogue/the-power-of-habit-why-we-do-what-we-do-in-life-and-business_760/index.html
The Help Yourself Cookbook for Kids: 60 Easy Plant-Based Recipes Kids Can Make to Stay Healthy and Save the Earth,Three,£28.77,https://books.toscrape.com/catalogue/the-power-of-habit-why-we-do-what-we-do-in-life-and-business_760/index.html
The Guilty (Will Robie #4),Two,£13.82,https://books.toscrape.com/catalogue/the-power-of-habit-why-we-do-what-we-do-in-life-and-business_760/index.html
The First Hostage (J.B. Collins #2),Three,£25.85,https://books.toscrape.com/catalogue/the-power-of-habit-why-we-do-what-we-do-in-life-and-business_760/index.html
The Dovekeepers,One,£48.78,https://books.toscrape.com/catalogue/the-power-of-habit-why-we-do-what-we-do-in-life-and-business_760/index.html
The Darkest Lie,Five,£35.35,https://books.toscrape.com/catalogue/the-power-of-habit-why-we-do-what-we-do-in-life-and-business_760/index.html
The Bane Chronicles (The Bane Chronicles #1-11),Four,£44.73,https://books.toscrape.com/catalogue/the-power-of-habit-why-we-do-what-we-do-in-life-and-business_760/index.html
The Bad-Ass Librarians of Timbuktu: And Their Race to Save the World’s Most Precious Manuscripts,One,£15.77,https://books.toscrape.com/catalogue/the-power-of-habit-why-we-do-what-we-do-in-life-and-business_760/index.html
The 14th Colony (Cotton Malone #11),One,£39.24,https://books.toscrape.com/catalogue/the-power-of-habit-why-we-do-what-we-do-in-life-and-business_760/index.html
That Darkness (Gardiner and Renner #1),One,£13.92,https://books.toscrape.com/catalogue/the-power-of-habit-why-we-do-what-we-do-in-life-and-business_760/index.html
Tastes Like Fear (DI Marnie Rome #3),One,£10.69,https://books.toscrape.com/catalogue/the-power-of-habit-why-we-do-what-we-do-in-life-and-business_760/index.html
Take Me with You,Three,£45.21,https://books.toscrape.com/catalogue/the-power-of-habit-why-we-do-what-we-do-in-life-and-business_760/index.html
Swell: A Year of Waves,One,£45.58,https://books.toscrape.com/catalogue/swell-a-year-of-waves_740/index.html
Superman Vol. 1: Before Truth (Superman by Gene Luen Yang #1),Five,£11.89,https://books.toscrape.com/catalogue/swell-a-year-of-waves_740/index.html
Still Life with Bread Crumbs,Three,£26.41,https://books.toscrape.com/catalogue/swell-a-year-of-waves_740/index.html
Steve Jobs,Five,£39.50,https://books.toscrape.com/catalogue/swell-a-year-of-waves_740/index.html
Sorting the Beef from the Bull: The Science of Food Fraud Forensics,Four,£44.74,https://books.toscrape.com/catalogue/swell-a-year-of-waves_740/index.html
Someone Like You (The Harrisons #2),Five,£52.79,https://books.toscrape.com/catalogue/swell-a-year-of-waves_740/index.html
"So Cute It Hurts!!, Vol. 6 (So Cute It Hurts!! #6)",Four,£35.43,https://books.toscrape.com/catalogue/swell-a-year-of-waves_740/index.html
Shtum,Four,£55.84,https://books.toscrape.com/catalogue/swell-a-year-of-waves_740/index.html
See America: A Celebration of Our National Parks & Treasured Sites,Three,£48.87,https://books.toscrape.com/catalogue/swell-a-year-of-waves_740/index.html
salt.,Four,£46.78,https://books.toscrape.com/catalogue/swell-a-year-of-waves_740/index.html
Robin War,Three,£47.82,https://books.toscrape.com/catalogue/swell-a-year-of-waves_740/index.html
"Red Hood/Arsenal, Vol. 1: Open for Business (Red Hood/Arsenal #1)",Two,£25.48,https://books.toscrape.com/catalogue/swell-a-year-of-waves_740/index.html
Rain Fish,Three,£23.57,https://books.toscrape.com/catalogue/swell-a-year-of-waves_740/index.html
"Quarter Life Poetry: Poems for the Young, Broke and Hangry",Five,£50.89,https://books.toscrape.com/catalogue/swell-a-year-of-waves_740/index.html
Pet Sematary,Three,£10.56,https://books.toscrape.com/catalogue/swell-a-year-of-waves_740/index.html
"Overload: How to Unplug, Unwind, and Unleash Yourself from the Pressure of Stress",Three,£52.15,https://books.toscrape.com/catalogue/swell-a-year-of-waves_740/index.html
Once Was a Time,Two,£18.28,https://books.toscrape.com/catalogue/swell-a-year-of-waves_740/index.html
Old School (Diary of a Wimpy Kid #10),Five,£11.83,https://books.toscrape.com/catalogue/swell-a-year-of-waves_740/index.html
No Dream Is Too High: Life Lessons From a Man Who Walked on the Moon,Two,£21.95,https://books.toscrape.com/catalogue/swell-a-year-of-waves_740/index.html
"Naruto (3-in-1 Edition), Vol. 14: Includes Vols. 40, 41 & 42 (Naruto: Omnibus #14)",Two,£38.39,https://books.toscrape.com/catalogue/swell-a-year-of-waves_740/index.html
My Name Is Lucy Barton,One,£41.56,https://books.toscrape.com/catalogue/my-name-is-lucy-barton_720/index.html
My Mrs. Brown,Three,£24.48,https://books.toscrape.com/catalogue/my-name-is-lucy-barton_720/index.html
My Kind of Crazy,One,£40.36,https://books.toscrape.com/catalogue/my-name-is-lucy-barton_720/index.html
Mr. Mercedes (Bill Hodges Trilogy #1),One,£28.90,https://books.toscrape.com/catalogue/my-name-is-lucy-barton_720/index.html
More Than Music (Chasing the Dream #1),Two,£37.61,https://books.toscrape.com/catalogue/my-name-is-lucy-barton_720/index.html
Made to Stick: Why Some Ideas Survive and Others Die,Five,£38.85,https://books.toscrape.com/catalogue/my-name-is-lucy-barton_720/index.html
Luis Paints the World,Three,£53.95,https://books.toscrape.com/catalogue/my-name-is-lucy-barton_720/index.html
Luckiest Girl Alive,Three,£49.83,https://books.toscrape.com/catalogue/my-name-is-lucy-barton_720/index.html
Lowriders to the Center of the Earth (Lowriders in Space #2),Two,£51.51,https://books.toscrape.com/catalogue/my-name-is-lucy-barton_720/index.html
Love Is a Mix Tape (Music #1),One,£18.03,https://books.toscrape.com/catalogue/my-name-is-lucy-barton_720/index.html
Looking for Lovely: Collecting the Moments that Matter,Five,£29.14,https://books.toscrape.com/catalogue/my-name-is-lucy-barton_720/index.html
"Living Leadership by Insight: A Good Leader Achieves, a Great Leader Builds Monuments",Four,£46.91,https://books.toscrape.com/catalogue/my-name-is-lucy-barton_720/index.html
Let It Out: A Journey Through Journaling,Five,£26.79,https://books.toscrape.com/catalogue/my-name-is-lucy-barton_720/index.html
Lady Midnight (The Dark Artifices #1),Five,£16.28,https://books.toscrape.com/catalogue/my-name-is-lucy-barton_720/index.html
"It's All Easy: Healthy, Delicious Weeknight Meals in under 30 Minutes",One,£19.55,https://books.toscrape.com/catalogue/my-name-is-lucy-barton_720/index.html
Island of Dragons (Unwanteds #7),One,£29.65,https://books.toscrape.com/catalogue/my-name-is-lucy-barton_720/index.html
I Know What I'm Doing -- and Other Lies I Tell Myself: Dispatches from a Life Under Construction,Four,£25.98,https://books.toscrape.com/catalogue/my-name-is-lucy-barton_720/index.html
I Am Pilgrim (Pilgrim #1),Four,£10.60,https://books.toscrape.com/catalogue/my-name-is-lucy-barton_720/index.html
"Hyperbole and a Half: Unfortunate Situations, Flawed Coping Mechanisms, Mayhem, and Other Things That Happened",Five,£14.75,https://books.toscrape.com/catalogue/my-name-is-lucy-barton_720/index.html
"Hush, Hush (Hush, Hush #1)",Three,£47.02,https://books.toscrape.com/catalogue/my-name-is-lucy-barton_720/index.html
Hold Your Breath (Search and Rescue #1),One,£28.82,https://books.toscrape.com/catalogue/hold-your-breath-search-and-rescue-1_700/index.html
Hamilton: The Revolution,Three,£58.79,https://books.toscrape.com/catalogue/hold-your-breath-search-and-rescue-1_700/index.html
Greek Mythic History,Five,£10.23,https://books.toscrape.com/catalogue/hold-your-breath-search-and-rescue-1_700/index.html
God: The Most Unpleasant Character in All Fiction,Five,£30.03,https://books.toscrape.com/catalogue/hold-your-breath-search-and-rescue-1_700/index.html
Glory over Everything: Beyond The Kitchen House,Three,£45.84,https://books.toscrape.com/catalogue/hold-your-breath-search-and-rescue-1_700/index.html
Feathers: Displays of Brilliant Plumage,Three,£49.05,https://books.toscrape.com/catalogue/hold-your-breath-search-and-rescue-1_700/index.html
"Far & Away: Places on the Brink of Change: Seven Continents, Twenty-Five Years",Four,£15.06,https://books.toscrape.com/catalogue/hold-your-breath-search-and-rescue-1_700/index.html
Every Last Word,Three,£46.47,https://books.toscrape.com/catalogue/hold-your-breath-search-and-rescue-1_700/index.html
Eligible (The Austen Project #4),Three,£27.09,https://books.toscrape.com/catalogue/hold-your-breath-search-and-rescue-1_700/index.html
El Deafo,Five,£57.62,https://books.toscrape.com/catalogue/hold-your-breath-search-and-rescue-1_700/index.html
Eight Hundred Grapes,Four,£14.39,https://books.toscrape.com/catalogue/hold-your-breath-search-and-rescue-1_700/index.html
"Eaternity: More than 150 Deliciously Easy Vegan Recipes for a Long, Healthy, Satisfied, Joyful Life",Five,£51.75,https://books.toscrape.com/catalogue/hold-your-breath-search-and-rescue-1_700/index.html
"Eat Fat, Get Thin",Two,£54.07,https://books.toscrape.com/catalogue/hold-your-breath-search-and-rescue-1_700/index.html
Don't Get Caught,One,£55.35,https://books.toscrape.com/catalogue/hold-your-breath-search-and-rescue-1_700/index.html
Doctor Sleep (The Shining #2),Two,£40.12,https://books.toscrape.com/catalogue/hold-your-breath-search-and-rescue-1_700/index.html
Demigods & Magicians: Percy and Annabeth Meet the Kanes (Percy Jackson & Kane Chronicles Crossover #1-3),Five,£37.51,https://books.toscrape.com/catalogue/hold-your-breath-search-and-rescue-1_700/index.html
Dear Mr. Knightley,Five,£11.21,https://books.toscrape.com/catalogue/hold-your-breath-search-and-rescue-1_700/index.html
Daily Fantasy Sports,One,£36.58,https://books.toscrape.com/catalogue/hold-your-breath-search-and-rescue-1_700/index.html
Crazy Love: Overwhelmed by a Relentless God,Two,£47.72,https://books.toscrape.com/catalogue/hold-your-breath-search-and-rescue-1_700/index.html
Cometh the Hour (The Clifton Chronicles #6),Three,£25.01,https://books.toscrape.com/catalogue/hold-your-breath-search-and-rescue-1_700/index.html
Code Name Verity (Code Name Verity #1),Four,£22.13,https://books.toscrape.com/catalogue/code-name-verity-code-name-verity-1_680/index.html
Clockwork Angel (The Infernal Devices #1),One,£44.14,https://books.toscrape.com/catalogue/code-name-verity-code-name-verity-1_680/index.html
City of Glass (The Mortal Instruments #3),Four,£56.02,https://books.toscrape.com/catalogue/code-name-verity-code-name-verity-1_680/index.html
City of Fallen Angels (The Mortal Instruments #4),Four,£11.23,https://books.toscrape.com/catalogue/code-name-verity-code-name-verity-1_680/index.html
City of Bones (The Mortal Instruments #1),One,£43.28,https://books.toscrape.com/catalogue/code-name-verity-code-name-verity-1_680/index.html
City of Ashes (The Mortal Instruments #2),One,£47.27,https://books.toscrape.com/catalogue/code-name-verity-code-name-verity-1_680/index.html
Cell,Four,£20.29,https://books.toscrape.com/catalogue/code-name-verity-code-name-verity-1_680/index.html
Catching Jordan (Hundred Oaks),Three,£50.83,https://books.toscrape.com/catalogue/code-name-verity-code-name-verity-1_680/index.html
"Carry On, Warrior: Thoughts on Life Unarmed",Three,£31.85,https://books.toscrape.com/catalogue/code-name-verity-code-name-verity-1_680/index.html
Carrie,Two,£46.23,https://books.toscrape.com/catalogue/code-name-verity-code-name-verity-1_680/index.html
Buying In: The Secret Dialogue Between What We Buy and Who We Are,Four,£37.80,https://books.toscrape.com/catalogue/code-name-verity-code-name-verity-1_680/index.html
Brain on Fire: My Month of Madness,Five,£49.32,https://books.toscrape.com/catalogue/code-name-verity-code-name-verity-1_680/index.html
Batman: Europa,Two,£32.01,https://books.toscrape.com/catalogue/code-name-verity-code-name-verity-1_680/index.html
Barefoot Contessa Back to Basics,One,£28.01,https://books.toscrape.com/catalogue/code-name-verity-code-name-verity-1_680/index.html
Barefoot Contessa at Home: Everyday Recipes You'll Make Over and Over Again,Five,£50.62,https://books.toscrape.com/catalogue/code-name-verity-code-name-verity-1_680/index.html
Balloon Animals,Three,£17.03,https://books.toscrape.com/catalogue/code-name-verity-code-name-verity-1_680/index.html
Art Ops Vol. 1,Three,£48.80,https://books.toscrape.com/catalogue/code-name-verity-code-name-verity-1_680/index.html
Aristotle and Dante Discover the Secrets of the Universe (Aristotle and Dante Discover the Secrets of the Universe #1),Four,£58.14,https://books.toscrape.com/catalogue/code-name-verity-code-name-verity-1_680/index.html
Angels Walking (Angels Walking #1),Two,£34.20,https://books.toscrape.com/catalogue/code-name-verity-code-name-verity-1_680/index.html
Angels & Demons (Robert Langdon #1),Three,£51.48,https://books.toscrape.com/catalogue/code-name-verity-code-name-verity-1_680/index.html
All the Light We Cannot See,Five,£29.87,https://books.toscrape.com/catalogue/all-the-light-we-cannot-see_660/index.html
"Adulthood Is a Myth: A ""Sarah's Scribbles"" Collection",Two,£10.90,https://books.toscrape.com/catalogue/all-the-light-we-cannot-see_660/index.html
Abstract City,Five,£56.37,https://books.toscrape.com/catalogue/all-the-light-we-cannot-see_660/index.html
A Time of Torment (Charlie Parker #14),Five,£48.35,https://books.toscrape.com/catalogue/all-the-light-we-cannot-see_660/index.html
A Study in Scarlet (Sherlock Holmes #1),Two,£16.73,https://books.toscrape.com/catalogue/all-the-light-we-cannot-see_660/index.html
"A Series of Catastrophes and Miracles: A True Story of Love, Science, and Cancer",Two,£56.48,https://books.toscrape.com/catalogue/all-the-light-we-cannot-see_660/index.html
A People's History of the United States,Two,£40.79,https://books.toscrape.com/catalogue/all-the-light-we-cannot-see_660/index.html
A Man Called Ove,One,£39.72,https://books.toscrape.com/catalogue/all-the-light-we-cannot-see_660/index.html
A Distant Mirror: The Calamitous 14th Century,Three,£14.58,https://books.toscrape.com/catalogue/all-the-light-we-cannot-see_660/index.html
A Brush of Wings (Angels Walking #3),One,£55.51,https://books.toscrape.com/catalogue/all-the-light-we-cannot-see_660/index.html
1491: New Revelations of the Americas Before Columbus,Three,£21.80,https://books.toscrape.com/catalogue/all-the-light-we-cannot-see_660/index.html
"The Three Searches, Meaning, and the Story",Three,£13.33,https://books.toscrape.com/catalogue/all-the-light-we-cannot-see_660/index.html
Searching for Meaning in Gailana,One,£38.73,https://books.toscrape.com/catalogue/all-the-light-we-cannot-see_660/index.html
Rook,Four,£37.86,https://books.toscrape.com/catalogue/all-the-light-we-cannot-see_660/index.html
My Kitchen Year: 136 Recipes That Saved My Life,Two,£11.53,https://books.toscrape.com/catalogue/all-the-light-we-cannot-see_660/index.html
13 Hours: The Inside Account of What Really Happened In Benghazi,One,£27.06,https://books.toscrape.com/catalogue/all-the-light-we-cannot-see_660/index.html
Will You Won't You Want Me?,Three,£13.86,https://books.toscrape.com/catalogue/all-the-light-we-cannot-see_660/index.html
Tipping Point for Planet Earth: How Close Are We to the Edge?,One,£37.55,https://books.toscrape.com/catalogue/all-the-light-we-cannot-see_660/index.html
The Star-Touched Queen,Five,£32.30,https://books.toscrape.com/catalogue/all-the-light-we-cannot-see_660/index.html
The Silent Sister (Riley MacPherson #1),Five,£46.29,https://books.toscrape.com/catalogue/all-the-light-we-cannot-see_660/index.html
The Midnight Watch: A Novel of the Titanic and the Californian,One,£26.20,https://books.toscrape.com/catalogue/the-midnight-watch-a-novel-of-the-titanic-and-the-californian_640/index.html
The Lonely City: Adventures in the Art of Being Alone,Two,£33.26,https://books.toscrape.com/catalogue/the-midnight-watch-a-novel-of-the-titanic-and-the-californian_640/index.html
The Gray Rhino: How to Recognize and Act on the Obvious Dangers We Ignore,Four,£59.15,https://books.toscrape.com/catalogue/the-midnight-watch-a-novel-of-the-titanic-and-the-californian_640/index.html
The Golden Condom: And Other Essays on Love Lost and Found,One,£39.43,https://books.toscrape.com/catalogue/the-midnight-watch-a-novel-of-the-titanic-and-the-californian_640/index.html
The Epidemic (The Program 0.6),Five,£14.44,https://books.toscrape.com/catalogue/the-midnight-watch-a-novel-of-the-titanic-and-the-californian_640/index.html
The Dinner Party,Two,£56.54,https://books.toscrape.com/catalogue/the-midnight-watch-a-novel-of-the-titanic-and-the-californian_640/index.html
The Diary of a Young Girl,Three,£59.90,https://books.toscrape.com/catalogue/the-midnight-watch-a-novel-of-the-titanic-and-the-californian_640/index.html
The Children,Three,£11.88,https://books.toscrape.com/catalogue/the-midnight-watch-a-novel-of-the-titanic-and-the-californian_640/index.html
Stars Above (The Lunar Chronicles #4.5),Two,£48.05,https://books.toscrape.com/catalogue/the-midnight-watch-a-novel-of-the-titanic-and-the-californian_640/index.html
Snatched: How A Drug Queen Went Undercover for the DEA and Was Kidnapped By Colombian Guerillas,Three,£21.21,https://books.toscrape.com/catalogue/the-midnight-watch-a-novel-of-the-titanic-and-the-californian_640/index.html
Raspberry Pi Electronics Projects for the Evil Genius,Four,£49.67,https://books.toscrape.com/catalogue/the-midnight-watch-a-novel-of-the-titanic-and-the-californian_640/index.html
Quench Your Own Thirst: Business Lessons Learned Over a Beer or Two,One,£43.14,https://books.toscrape.com/catalogue/the-midnight-watch-a-novel-of-the-titanic-and-the-californian_640/index.html
Psycho: Sanitarium (Psycho #1.5),Five,£36.97,https://books.toscrape.com/catalogue/the-midnight-watch-a-novel-of-the-titanic-and-the-californian_640/index.html
Poisonous (Max Revere Novels #3),Three,£26.80,https://books.toscrape.com/catalogue/the-midnight-watch-a-novel-of-the-titanic-and-the-californian_640/index.html
One with You (Crossfire #5),Four,£15.71,https://books.toscrape.com/catalogue/the-midnight-watch-a-novel-of-the-titanic-and-the-californian_640/index.html
No Love Allowed (Dodge Cove #1),Four,£54.65,https://books.toscrape.com/catalogue/the-midnight-watch-a-novel-of-the-titanic-and-the-californian_640/index.html
Murder at the 42nd Street Library (Raymond Ambler #1),Four,£54.36,https://books.toscrape.com/catalogue/the-midnight-watch-a-novel-of-the-titanic-and-the-californian_640/index.html
Most Wanted,Three,£35.28,https://books.toscrape.com/catalogue/the-midnight-watch-a-novel-of-the-titanic-and-the-californian_640/index.html
"Love, Lies and Spies",Two,£20.55,https://books.toscrape.com/catalogue/the-midnight-watch-a-novel-of-the-titanic-and-the-californian_640/index.html
How to Speak Golf: An Illustrated Guide to Links Lingo,Five,£58.32,https://books.toscrape.com/catalogue/the-midnight-watch-a-novel-of-the-titanic-and-the-californian_640/index.html
Hide Away (Eve Duncan #20),One,£11.84,https://books.toscrape.com/catalogue/hide-away-eve-duncan-20_620/index.html
Furiously Happy: A Funny Book About Horrible Things,Four,£41.46,https://books.toscrape.com/catalogue/hide-away-eve-duncan-20_620/index.html
Everyday Italian: 125 Simple and Delicious Recipes,Five,£20.10,https://books.toscrape.com/catalogue/hide-away-eve-duncan-20_620/index.html
Equal Is Unfair: America's Misguided Fight Against Income Inequality,One,£56.86,https://books.toscrape.com/catalogue/hide-away-eve-duncan-20_620/index.html
Eleanor & Park,Five,£56.51,https://books.toscrape.com/catalogue/hide-away-eve-duncan-20_620/index.html
Dirty (Dive Bar #1),Four,£40.83,https://books.toscrape.com/catalogue/hide-away-eve-duncan-20_620/index.html
Can You Keep a Secret? (Fear Street Relaunch #4),One,£48.64,https://books.toscrape.com/catalogue/hide-away-eve-duncan-20_620/index.html
Boar Island (Anna Pigeon #19),Three,£59.48,https://books.toscrape.com/catalogue/hide-away-eve-duncan-20_620/index.html
A Paris Apartment,Four,£39.01,https://books.toscrape.com/catalogue/hide-away-eve-duncan-20_620/index.html
"A la Mode: 120 Recipes in 60 Pairings: Pies, Tarts, Cakes, Crisps, and More Topped with Ice Cream, Gelato, Frozen Custard, and More",One,£38.77,https://books.toscrape.com/catalogue/hide-away-eve-duncan-20_620/index.html
Troublemaker: Surviving Hollywood and Scientology,Two,£48.39,https://books.toscrape.com/catalogue/hide-away-eve-duncan-20_620/index.html
The Widow,Two,£27.26,https://books.toscrape.com/catalogue/hide-away-eve-duncan-20_620/index.html
"The Sleep Revolution: Transforming Your Life, One Night at a Time",Four,£11.68,https://books.toscrape.com/catalogue/hide-away-eve-duncan-20_620/index.html
The Improbability of Love,One,£59.45,https://books.toscrape.com/catalogue/hide-away-eve-duncan-20_620/index.html
The Art of Startup Fundraising,Three,£21.00,https://books.toscrape.com/catalogue/hide-away-eve-duncan-20_620/index.html
Take Me Home Tonight (Rock Star Romance #3),Three,£53.98,https://books.toscrape.com/catalogue/hide-away-eve-duncan-20_620/index.html
Sleeping Giants (Themis Files #1),One,£48.74,https://books.toscrape.com/catalogue/hide-away-eve-duncan-20_620/index.html
"Setting the World on Fire: The Brief, Astonishing Life of St. Catherine of Siena",Two,£21.15,https://books.toscrape.com/catalogue/hide-away-eve-duncan-20_620/index.html
Playing with Fire,Three,£13.71,https://books.toscrape.com/catalogue/hide-away-eve-duncan-20_620/index.html
Off the Hook (Fishing for Trouble #1),Three,£47.67,https://books.toscrape.com/catalogue/hide-away-eve-duncan-20_620/index.html
